image_file,correct_label,predicted_label,prediction_probability
test01/test_sample/jaguar_sample/test_jaguar_10.jpg,jaguar,jaguar,99.96
test01/test_sample/jaguar_sample/test_jaguar_1004.jpg,jaguar,jaguar,100.0
test01/test_sample/jaguar_sample/test_jaguar_1007.jpg,jaguar,jaguar,99.92
test01/test_sample/jaguar_sample/test_jaguar_101.jpg,jaguar,jaguar,96.7
test01/test_sample/jaguar_sample/test_jaguar_1019.jpg,jaguar,jaguar,99.95
test01/test_sample/jaguar_sample/test_jaguar_1020.jpg,jaguar,jaguar,34.81
test01/test_sample/jaguar_sample/test_jaguar_1021.jpg,jaguar,jaguar,77.12
test01/test_sample/jaguar_sample/test_jaguar_1024.jpg,jaguar,jaguar,99.86
test01/test_sample/jaguar_sample/test_jaguar_1026.jpg,jaguar,jaguar,69.49
test01/test_sample/jaguar_sample/test_jaguar_103.jpg,jaguar,jaguar,53.2
test01/test_sample/jaguar_sample/test_jaguar_1032.jpg,jaguar,jaguar,6.87
test01/test_sample/jaguar_sample/test_jaguar_1041.jpg,jaguar,jaguar,95.87
test01/test_sample/jaguar_sample/test_jaguar_1045.jpg,jaguar,jaguar,82.76
test01/test_sample/jaguar_sample/test_jaguar_105.jpg,jaguar,jaguar,9.44
test01/test_sample/jaguar_sample/test_jaguar_1050.jpg,jaguar,jaguar,97.68
test01/test_sample/jaguar_sample/test_jaguar_1051.jpg,jaguar,jaguar,99.99
test01/test_sample/jaguar_sample/test_jaguar_1054.jpg,jaguar,jaguar,99.62
test01/test_sample/jaguar_sample/test_jaguar_106.jpg,jaguar,jaguar,99.99
test01/test_sample/jaguar_sample/test_jaguar_1060.jpg,jaguar,jaguar,76.3
test01/test_sample/jaguar_sample/test_jaguar_1064.jpg,jaguar,jaguar,32.0
test01/test_sample/jaguar_sample/test_jaguar_1066.jpg,jaguar,jaguar,99.78
test01/test_sample/jaguar_sample/test_jaguar_1079.jpg,jaguar,jaguar,100.0
test01/test_sample/jaguar_sample/test_jaguar_1082.jpg,jaguar,jaguar,2.63
test01/test_sample/jaguar_sample/test_jaguar_1089.jpg,jaguar,jaguar,100.0
test01/test_sample/jaguar_sample/test_jaguar_1092.jpg,jaguar,jaguar,100.0
test01/test_sample/jaguar_sample/test_jaguar_1093.jpg,jaguar,jaguar,97.22
test01/test_sample/jaguar_sample/test_jaguar_1095.jpg,jaguar,jaguar,99.49
test01/test_sample/jaguar_sample/test_jaguar_1096.jpg,jaguar,jaguar,99.98
test01/test_sample/jaguar_sample/test_jaguar_1097.jpg,jaguar,jaguar,81.59
test01/test_sample/jaguar_sample/test_jaguar_11.jpg,jaguar,jaguar,100.0
test01/test_sample/jaguar_sample/test_jaguar_1100.jpg,jaguar,jaguar,99.99
test01/test_sample/jaguar_sample/test_jaguar_1101.jpg,jaguar,jaguar,99.97
test01/test_sample/jaguar_sample/test_jaguar_1107.jpg,jaguar,jaguar,99.99
test01/test_sample/jaguar_sample/test_jaguar_1109.jpg,jaguar,jaguar,96.45
test01/test_sample/jaguar_sample/test_jaguar_1114.jpg,jaguar,jaguar,0.0
test01/test_sample/jaguar_sample/test_jaguar_1115.jpg,jaguar,jaguar,28.76
test01/test_sample/jaguar_sample/test_jaguar_1120.jpg,jaguar,jaguar,100.0
test01/test_sample/jaguar_sample/test_jaguar_1122.jpg,jaguar,jaguar,97.92
test01/test_sample/jaguar_sample/test_jaguar_1125.jpg,jaguar,jaguar,99.93
test01/test_sample/jaguar_sample/test_jaguar_1127.jpg,jaguar,jaguar,90.47
test01/test_sample/jaguar_sample/test_jaguar_1128.jpg,jaguar,jaguar,99.86
test01/test_sample/jaguar_sample/test_jaguar_1137.jpg,jaguar,jaguar,99.96
test01/test_sample/jaguar_sample/test_jaguar_1139.jpg,jaguar,jaguar,99.46
test01/test_sample/jaguar_sample/test_jaguar_1140.jpg,jaguar,jaguar,78.97
test01/test_sample/jaguar_sample/test_jaguar_1147.jpg,jaguar,jaguar,58.23
test01/test_sample/jaguar_sample/test_jaguar_1148.jpg,jaguar,jaguar,99.99
test01/test_sample/jaguar_sample/test_jaguar_1162.jpg,jaguar,jaguar,99.97
test01/test_sample/jaguar_sample/test_jaguar_1168.jpg,jaguar,jaguar,99.85
test01/test_sample/jaguar_sample/test_jaguar_1175.jpg,jaguar,jaguar,99.84
test01/test_sample/jaguar_sample/test_jaguar_118.jpg,jaguar,jaguar,1.1
test01/test_sample/jaguar_sample/test_jaguar_1183.jpg,jaguar,jaguar,99.99
test01/test_sample/jaguar_sample/test_jaguar_1190.jpg,jaguar,jaguar,80.77
test01/test_sample/jaguar_sample/test_jaguar_1192.jpg,jaguar,jaguar,99.96
test01/test_sample/jaguar_sample/test_jaguar_1208.jpg,jaguar,jaguar,99.85
test01/test_sample/jaguar_sample/test_jaguar_1212.jpg,jaguar,jaguar,5.01
test01/test_sample/jaguar_sample/test_jaguar_122.jpg,jaguar,jaguar,99.97
test01/test_sample/jaguar_sample/test_jaguar_1226.jpg,jaguar,jaguar,96.96
test01/test_sample/jaguar_sample/test_jaguar_1229.jpg,jaguar,jaguar,0.54
test01/test_sample/jaguar_sample/test_jaguar_1230.jpg,jaguar,jaguar,5.5
test01/test_sample/jaguar_sample/test_jaguar_1234.jpg,jaguar,jaguar,99.74
test01/test_sample/jaguar_sample/test_jaguar_1237.jpg,jaguar,jaguar,54.38
test01/test_sample/jaguar_sample/test_jaguar_124.jpg,jaguar,jaguar,8.1
test01/test_sample/jaguar_sample/test_jaguar_1241.jpg,jaguar,jaguar,97.01
test01/test_sample/jaguar_sample/test_jaguar_1242.jpg,jaguar,jaguar,87.83
test01/test_sample/jaguar_sample/test_jaguar_1249.jpg,jaguar,jaguar,99.7
test01/test_sample/jaguar_sample/test_jaguar_1250.jpg,jaguar,jaguar,99.86
test01/test_sample/jaguar_sample/test_jaguar_1253.jpg,jaguar,jaguar,97.89
test01/test_sample/jaguar_sample/test_jaguar_1257.jpg,jaguar,jaguar,100.0
test01/test_sample/jaguar_sample/test_jaguar_1259.jpg,jaguar,jaguar,91.23
test01/test_sample/jaguar_sample/test_jaguar_1262.jpg,jaguar,jaguar,99.23
test01/test_sample/jaguar_sample/test_jaguar_1269.jpg,jaguar,jaguar,100.0
test01/test_sample/jaguar_sample/test_jaguar_127.jpg,jaguar,jaguar,100.0
test01/test_sample/jaguar_sample/test_jaguar_1274.jpg,jaguar,jaguar,99.91
test01/test_sample/jaguar_sample/test_jaguar_1277.jpg,jaguar,jaguar,69.47
test01/test_sample/jaguar_sample/test_jaguar_1279.jpg,jaguar,jaguar,96.46
test01/test_sample/jaguar_sample/test_jaguar_1283.jpg,jaguar,jaguar,99.22
test01/test_sample/jaguar_sample/test_jaguar_1284.jpg,jaguar,jaguar,99.46
test01/test_sample/jaguar_sample/test_jaguar_1286.jpg,jaguar,jaguar,33.84
test01/test_sample/jaguar_sample/test_jaguar_1294.jpg,jaguar,jaguar,0.66
test01/test_sample/jaguar_sample/test_jaguar_1296.jpg,jaguar,jaguar,91.86
test01/test_sample/jaguar_sample/test_jaguar_1297.jpg,jaguar,jaguar,3.91
test01/test_sample/jaguar_sample/test_jaguar_1298.jpg,jaguar,jaguar,69.98
test01/test_sample/jaguar_sample/test_jaguar_1304.jpg,jaguar,jaguar,97.73
test01/test_sample/jaguar_sample/test_jaguar_1309.jpg,jaguar,jaguar,100.0
test01/test_sample/jaguar_sample/test_jaguar_1310.jpg,jaguar,jaguar,100.0
test01/test_sample/jaguar_sample/test_jaguar_1311.jpg,jaguar,jaguar,97.85
test01/test_sample/jaguar_sample/test_jaguar_1313.jpg,jaguar,jaguar,0.11
test01/test_sample/jaguar_sample/test_jaguar_1315.jpg,jaguar,jaguar,92.43
test01/test_sample/jaguar_sample/test_jaguar_1319.jpg,jaguar,jaguar,99.9
test01/test_sample/jaguar_sample/test_jaguar_132.jpg,jaguar,jaguar,100.0
test01/test_sample/jaguar_sample/test_jaguar_1325.jpg,jaguar,jaguar,100.0
test01/test_sample/jaguar_sample/test_jaguar_1328.jpg,jaguar,jaguar,34.55
test01/test_sample/jaguar_sample/test_jaguar_133.jpg,jaguar,jaguar,99.99
test01/test_sample/jaguar_sample/test_jaguar_1333.jpg,jaguar,jaguar,100.0
test01/test_sample/jaguar_sample/test_jaguar_1334.jpg,jaguar,jaguar,90.68
test01/test_sample/jaguar_sample/test_jaguar_1336.jpg,jaguar,jaguar,100.0
test01/test_sample/jaguar_sample/test_jaguar_1337.jpg,jaguar,jaguar,99.19
test01/test_sample/jaguar_sample/test_jaguar_1340.jpg,jaguar,jaguar,2.83
test01/test_sample/jaguar_sample/test_jaguar_1346.jpg,jaguar,jaguar,99.99
test01/test_sample/jaguar_sample/test_jaguar_1348.jpg,jaguar,jaguar,97.58
test01/test_sample/jaguar_sample/test_jaguar_1351.jpg,jaguar,jaguar,56.95
test01/test_sample/jaguar_sample/test_jaguar_1358.jpg,jaguar,jaguar,99.63
test01/test_sample/jaguar_sample/test_jaguar_1359.jpg,jaguar,jaguar,99.93
test01/test_sample/jaguar_sample/test_jaguar_1361.jpg,jaguar,jaguar,92.41
test01/test_sample/jaguar_sample/test_jaguar_1366.jpg,jaguar,jaguar,14.31
test01/test_sample/jaguar_sample/test_jaguar_1368.jpg,jaguar,jaguar,26.59
test01/test_sample/jaguar_sample/test_jaguar_1369.jpg,jaguar,jaguar,96.06
test01/test_sample/jaguar_sample/test_jaguar_1372.jpg,jaguar,jaguar,99.91
test01/test_sample/jaguar_sample/test_jaguar_1378.jpg,jaguar,jaguar,100.0
test01/test_sample/jaguar_sample/test_jaguar_138.jpg,jaguar,jaguar,84.46
test01/test_sample/jaguar_sample/test_jaguar_1383.jpg,jaguar,jaguar,99.99
test01/test_sample/jaguar_sample/test_jaguar_1387.jpg,jaguar,jaguar,99.99
test01/test_sample/jaguar_sample/test_jaguar_1388.jpg,jaguar,jaguar,99.98
test01/test_sample/jaguar_sample/test_jaguar_1389.jpg,jaguar,jaguar,91.42
test01/test_sample/jaguar_sample/test_jaguar_1398.jpg,jaguar,jaguar,99.94
test01/test_sample/jaguar_sample/test_jaguar_1399.jpg,jaguar,jaguar,99.97
test01/test_sample/jaguar_sample/test_jaguar_14.jpg,jaguar,jaguar,98.57
test01/test_sample/jaguar_sample/test_jaguar_1406.jpg,jaguar,jaguar,99.67
test01/test_sample/jaguar_sample/test_jaguar_1415.jpg,jaguar,jaguar,14.4
test01/test_sample/jaguar_sample/test_jaguar_1419.jpg,jaguar,jaguar,99.97
test01/test_sample/jaguar_sample/test_jaguar_1422.jpg,jaguar,jaguar,98.79
test01/test_sample/jaguar_sample/test_jaguar_1425.jpg,jaguar,jaguar,99.56
test01/test_sample/jaguar_sample/test_jaguar_1426.jpg,jaguar,jaguar,99.84
test01/test_sample/jaguar_sample/test_jaguar_1429.jpg,jaguar,jaguar,25.35
test01/test_sample/jaguar_sample/test_jaguar_1432.jpg,jaguar,jaguar,99.92
test01/test_sample/jaguar_sample/test_jaguar_1434.jpg,jaguar,jaguar,0.06
test01/test_sample/jaguar_sample/test_jaguar_1437.jpg,jaguar,jaguar,100.0
test01/test_sample/jaguar_sample/test_jaguar_1438.jpg,jaguar,jaguar,99.99
test01/test_sample/jaguar_sample/test_jaguar_144.jpg,jaguar,jaguar,100.0
test01/test_sample/jaguar_sample/test_jaguar_1440.jpg,jaguar,jaguar,73.36
test01/test_sample/jaguar_sample/test_jaguar_1443.jpg,jaguar,jaguar,99.97
test01/test_sample/jaguar_sample/test_jaguar_145.jpg,jaguar,jaguar,95.13
test01/test_sample/jaguar_sample/test_jaguar_147.jpg,jaguar,jaguar,97.84
test01/test_sample/jaguar_sample/test_jaguar_154.jpg,jaguar,jaguar,99.87
test01/test_sample/jaguar_sample/test_jaguar_156.jpg,jaguar,jaguar,98.26
test01/test_sample/jaguar_sample/test_jaguar_159.jpg,jaguar,jaguar,99.98
test01/test_sample/jaguar_sample/test_jaguar_16.jpg,jaguar,jaguar,91.51
test01/test_sample/jaguar_sample/test_jaguar_164.jpg,jaguar,jaguar,37.52
test01/test_sample/jaguar_sample/test_jaguar_173.jpg,jaguar,jaguar,98.87
test01/test_sample/jaguar_sample/test_jaguar_175.jpg,jaguar,jaguar,99.84
test01/test_sample/jaguar_sample/test_jaguar_176.jpg,jaguar,jaguar,99.86
test01/test_sample/jaguar_sample/test_jaguar_180.jpg,jaguar,jaguar,98.65
test01/test_sample/jaguar_sample/test_jaguar_183.jpg,jaguar,jaguar,99.68
test01/test_sample/jaguar_sample/test_jaguar_19.jpg,jaguar,jaguar,98.11
test01/test_sample/jaguar_sample/test_jaguar_196.jpg,jaguar,jaguar,99.97
test01/test_sample/jaguar_sample/test_jaguar_198.jpg,jaguar,jaguar,99.98
test01/test_sample/jaguar_sample/test_jaguar_200.jpg,jaguar,jaguar,89.89
test01/test_sample/jaguar_sample/test_jaguar_201.jpg,jaguar,jaguar,16.54
test01/test_sample/jaguar_sample/test_jaguar_202.jpg,jaguar,jaguar,16.07
test01/test_sample/jaguar_sample/test_jaguar_211.jpg,jaguar,jaguar,99.99
test01/test_sample/jaguar_sample/test_jaguar_228.jpg,jaguar,jaguar,99.82
test01/test_sample/jaguar_sample/test_jaguar_229.jpg,jaguar,jaguar,99.91
test01/test_sample/jaguar_sample/test_jaguar_230.jpg,jaguar,jaguar,82.46
test01/test_sample/jaguar_sample/test_jaguar_233.jpg,jaguar,jaguar,99.95
test01/test_sample/jaguar_sample/test_jaguar_243.jpg,jaguar,jaguar,1.16
test01/test_sample/jaguar_sample/test_jaguar_250.jpg,jaguar,jaguar,74.39
test01/test_sample/jaguar_sample/test_jaguar_251.jpg,jaguar,jaguar,89.34
test01/test_sample/jaguar_sample/test_jaguar_258.jpg,jaguar,jaguar,99.87
test01/test_sample/jaguar_sample/test_jaguar_26.jpg,jaguar,jaguar,99.71
test01/test_sample/jaguar_sample/test_jaguar_260.jpg,jaguar,jaguar,100.0
test01/test_sample/jaguar_sample/test_jaguar_266.jpg,jaguar,jaguar,49.77
test01/test_sample/jaguar_sample/test_jaguar_267.jpg,jaguar,jaguar,100.0
test01/test_sample/jaguar_sample/test_jaguar_268.jpg,jaguar,jaguar,99.99
test01/test_sample/jaguar_sample/test_jaguar_279.jpg,jaguar,jaguar,100.0
test01/test_sample/jaguar_sample/test_jaguar_284.jpg,jaguar,jaguar,31.4
test01/test_sample/jaguar_sample/test_jaguar_289.jpg,jaguar,jaguar,99.73
test01/test_sample/jaguar_sample/test_jaguar_29.jpg,jaguar,jaguar,99.97
test01/test_sample/jaguar_sample/test_jaguar_292.jpg,jaguar,jaguar,3.35
test01/test_sample/jaguar_sample/test_jaguar_294.jpg,jaguar,jaguar,99.99
test01/test_sample/jaguar_sample/test_jaguar_296.jpg,jaguar,jaguar,46.54
test01/test_sample/jaguar_sample/test_jaguar_299.jpg,jaguar,jaguar,24.41
test01/test_sample/jaguar_sample/test_jaguar_30.jpg,jaguar,jaguar,97.63
test01/test_sample/jaguar_sample/test_jaguar_307.jpg,jaguar,jaguar,97.82
test01/test_sample/jaguar_sample/test_jaguar_314.jpg,jaguar,jaguar,100.0
test01/test_sample/jaguar_sample/test_jaguar_316.jpg,jaguar,jaguar,42.37
test01/test_sample/jaguar_sample/test_jaguar_318.jpg,jaguar,jaguar,100.0
test01/test_sample/jaguar_sample/test_jaguar_319.jpg,jaguar,jaguar,99.98
test01/test_sample/jaguar_sample/test_jaguar_320.jpg,jaguar,jaguar,43.85
test01/test_sample/jaguar_sample/test_jaguar_321.jpg,jaguar,jaguar,99.37
test01/test_sample/jaguar_sample/test_jaguar_322.jpg,jaguar,jaguar,91.91
test01/test_sample/jaguar_sample/test_jaguar_323.jpg,jaguar,jaguar,99.06
test01/test_sample/jaguar_sample/test_jaguar_327.jpg,jaguar,jaguar,11.83
test01/test_sample/jaguar_sample/test_jaguar_330.jpg,jaguar,jaguar,100.0
test01/test_sample/jaguar_sample/test_jaguar_334.jpg,jaguar,jaguar,4.2
test01/test_sample/jaguar_sample/test_jaguar_337.jpg,jaguar,jaguar,99.99
test01/test_sample/jaguar_sample/test_jaguar_340.jpg,jaguar,jaguar,99.99
test01/test_sample/jaguar_sample/test_jaguar_341.jpg,jaguar,jaguar,42.91
test01/test_sample/jaguar_sample/test_jaguar_342.jpg,jaguar,jaguar,99.99
test01/test_sample/jaguar_sample/test_jaguar_343.jpg,jaguar,jaguar,96.12
test01/test_sample/jaguar_sample/test_jaguar_345.jpg,jaguar,jaguar,100.0
test01/test_sample/jaguar_sample/test_jaguar_346.jpg,jaguar,jaguar,93.7
test01/test_sample/jaguar_sample/test_jaguar_351.jpg,jaguar,jaguar,99.12
test01/test_sample/jaguar_sample/test_jaguar_354.jpg,jaguar,jaguar,100.0
test01/test_sample/jaguar_sample/test_jaguar_357.jpg,jaguar,jaguar,73.98
test01/test_sample/jaguar_sample/test_jaguar_36.jpg,jaguar,jaguar,99.96
test01/test_sample/jaguar_sample/test_jaguar_367.jpg,jaguar,jaguar,99.94
test01/test_sample/jaguar_sample/test_jaguar_368.jpg,jaguar,jaguar,99.93
test01/test_sample/jaguar_sample/test_jaguar_371.jpg,jaguar,jaguar,99.8
test01/test_sample/jaguar_sample/test_jaguar_384.jpg,jaguar,jaguar,99.93
test01/test_sample/jaguar_sample/test_jaguar_386.jpg,jaguar,jaguar,99.97
test01/test_sample/jaguar_sample/test_jaguar_388.jpg,jaguar,jaguar,96.8
test01/test_sample/jaguar_sample/test_jaguar_401.jpg,jaguar,jaguar,99.82
test01/test_sample/jaguar_sample/test_jaguar_407.jpg,jaguar,jaguar,99.99
test01/test_sample/jaguar_sample/test_jaguar_411.jpg,jaguar,jaguar,99.97
test01/test_sample/jaguar_sample/test_jaguar_412.jpg,jaguar,jaguar,99.99
test01/test_sample/jaguar_sample/test_jaguar_413.jpg,jaguar,jaguar,0.84
test01/test_sample/jaguar_sample/test_jaguar_414.jpg,jaguar,jaguar,3.62
test01/test_sample/jaguar_sample/test_jaguar_415.jpg,jaguar,jaguar,99.91
test01/test_sample/jaguar_sample/test_jaguar_419.jpg,jaguar,jaguar,99.82
test01/test_sample/jaguar_sample/test_jaguar_424.jpg,jaguar,jaguar,94.37
test01/test_sample/jaguar_sample/test_jaguar_428.jpg,jaguar,jaguar,20.82
test01/test_sample/jaguar_sample/test_jaguar_430.jpg,jaguar,jaguar,3.58
test01/test_sample/jaguar_sample/test_jaguar_431.jpg,jaguar,jaguar,84.48
test01/test_sample/jaguar_sample/test_jaguar_432.jpg,jaguar,jaguar,96.38
test01/test_sample/jaguar_sample/test_jaguar_434.jpg,jaguar,jaguar,99.55
test01/test_sample/jaguar_sample/test_jaguar_435.jpg,jaguar,jaguar,88.3
test01/test_sample/jaguar_sample/test_jaguar_437.jpg,jaguar,jaguar,91.53
test01/test_sample/jaguar_sample/test_jaguar_439.jpg,jaguar,jaguar,100.0
test01/test_sample/jaguar_sample/test_jaguar_443.jpg,jaguar,jaguar,99.99
test01/test_sample/jaguar_sample/test_jaguar_45.jpg,jaguar,jaguar,64.78
test01/test_sample/jaguar_sample/test_jaguar_450.jpg,jaguar,jaguar,35.96
test01/test_sample/jaguar_sample/test_jaguar_456.jpg,jaguar,jaguar,99.97
test01/test_sample/jaguar_sample/test_jaguar_458.jpg,jaguar,jaguar,66.12
test01/test_sample/jaguar_sample/test_jaguar_459.jpg,jaguar,jaguar,99.99
test01/test_sample/jaguar_sample/test_jaguar_461.jpg,jaguar,jaguar,35.02
test01/test_sample/jaguar_sample/test_jaguar_465.jpg,jaguar,jaguar,100.0
test01/test_sample/jaguar_sample/test_jaguar_469.jpg,jaguar,jaguar,99.93
test01/test_sample/jaguar_sample/test_jaguar_470.jpg,jaguar,jaguar,99.51
test01/test_sample/jaguar_sample/test_jaguar_478.jpg,jaguar,jaguar,50.17
test01/test_sample/jaguar_sample/test_jaguar_483.jpg,jaguar,jaguar,99.06
test01/test_sample/jaguar_sample/test_jaguar_484.jpg,jaguar,jaguar,100.0
test01/test_sample/jaguar_sample/test_jaguar_486.jpg,jaguar,jaguar,90.22
test01/test_sample/jaguar_sample/test_jaguar_487.jpg,jaguar,jaguar,99.82
test01/test_sample/jaguar_sample/test_jaguar_49.jpg,jaguar,jaguar,99.96
test01/test_sample/jaguar_sample/test_jaguar_490.jpg,jaguar,jaguar,5.97
test01/test_sample/jaguar_sample/test_jaguar_497.jpg,jaguar,jaguar,0.04
test01/test_sample/jaguar_sample/test_jaguar_498.jpg,jaguar,jaguar,90.75
test01/test_sample/jaguar_sample/test_jaguar_503.jpg,jaguar,jaguar,99.65
test01/test_sample/jaguar_sample/test_jaguar_506.jpg,jaguar,jaguar,99.77
test01/test_sample/jaguar_sample/test_jaguar_507.jpg,jaguar,jaguar,98.91
test01/test_sample/jaguar_sample/test_jaguar_508.jpg,jaguar,jaguar,5.99
test01/test_sample/jaguar_sample/test_jaguar_509.jpg,jaguar,jaguar,99.49
test01/test_sample/jaguar_sample/test_jaguar_51.jpg,jaguar,jaguar,8.14
test01/test_sample/jaguar_sample/test_jaguar_510.jpg,jaguar,jaguar,99.94
test01/test_sample/jaguar_sample/test_jaguar_516.jpg,jaguar,jaguar,100.0
test01/test_sample/jaguar_sample/test_jaguar_519.jpg,jaguar,jaguar,99.94
test01/test_sample/jaguar_sample/test_jaguar_524.jpg,jaguar,jaguar,72.88
test01/test_sample/jaguar_sample/test_jaguar_525.jpg,jaguar,jaguar,99.05
test01/test_sample/jaguar_sample/test_jaguar_526.jpg,jaguar,jaguar,100.0
test01/test_sample/jaguar_sample/test_jaguar_527.jpg,jaguar,jaguar,100.0
test01/test_sample/jaguar_sample/test_jaguar_533.jpg,jaguar,jaguar,99.6
test01/test_sample/jaguar_sample/test_jaguar_543.jpg,jaguar,jaguar,42.97
test01/test_sample/jaguar_sample/test_jaguar_546.jpg,jaguar,jaguar,99.99
test01/test_sample/jaguar_sample/test_jaguar_547.jpg,jaguar,jaguar,99.9
test01/test_sample/jaguar_sample/test_jaguar_549.jpg,jaguar,jaguar,21.84
test01/test_sample/jaguar_sample/test_jaguar_553.jpg,jaguar,jaguar,68.87
test01/test_sample/jaguar_sample/test_jaguar_555.jpg,jaguar,jaguar,0.0
test01/test_sample/jaguar_sample/test_jaguar_557.jpg,jaguar,jaguar,92.99
test01/test_sample/jaguar_sample/test_jaguar_56.jpg,jaguar,jaguar,99.98
test01/test_sample/jaguar_sample/test_jaguar_561.jpg,jaguar,jaguar,100.0
test01/test_sample/jaguar_sample/test_jaguar_566.jpg,jaguar,jaguar,94.87
test01/test_sample/jaguar_sample/test_jaguar_569.jpg,jaguar,jaguar,96.96
test01/test_sample/jaguar_sample/test_jaguar_575.jpg,jaguar,jaguar,100.0
test01/test_sample/jaguar_sample/test_jaguar_580.jpg,jaguar,jaguar,90.08
test01/test_sample/jaguar_sample/test_jaguar_581.jpg,jaguar,jaguar,1.36
test01/test_sample/jaguar_sample/test_jaguar_583.jpg,jaguar,jaguar,91.72
test01/test_sample/jaguar_sample/test_jaguar_586.jpg,jaguar,jaguar,100.0
test01/test_sample/jaguar_sample/test_jaguar_59.jpg,jaguar,jaguar,100.0
test01/test_sample/jaguar_sample/test_jaguar_594.jpg,jaguar,jaguar,99.29
test01/test_sample/jaguar_sample/test_jaguar_595.jpg,jaguar,jaguar,84.89
test01/test_sample/jaguar_sample/test_jaguar_597.jpg,jaguar,jaguar,96.8
test01/test_sample/jaguar_sample/test_jaguar_600.jpg,jaguar,jaguar,43.2
test01/test_sample/jaguar_sample/test_jaguar_601.jpg,jaguar,jaguar,0.86
test01/test_sample/jaguar_sample/test_jaguar_602.jpg,jaguar,jaguar,81.86
test01/test_sample/jaguar_sample/test_jaguar_610.jpg,jaguar,jaguar,99.99
test01/test_sample/jaguar_sample/test_jaguar_611.jpg,jaguar,jaguar,63.24
test01/test_sample/jaguar_sample/test_jaguar_612.jpg,jaguar,jaguar,17.36
test01/test_sample/jaguar_sample/test_jaguar_619.jpg,jaguar,jaguar,95.69
test01/test_sample/jaguar_sample/test_jaguar_625.jpg,jaguar,jaguar,85.95
test01/test_sample/jaguar_sample/test_jaguar_626.jpg,jaguar,jaguar,31.96
test01/test_sample/jaguar_sample/test_jaguar_627.jpg,jaguar,jaguar,0.34
test01/test_sample/jaguar_sample/test_jaguar_629.jpg,jaguar,jaguar,33.59
test01/test_sample/jaguar_sample/test_jaguar_631.jpg,jaguar,jaguar,99.96
test01/test_sample/jaguar_sample/test_jaguar_632.jpg,jaguar,jaguar,98.17
test01/test_sample/jaguar_sample/test_jaguar_637.jpg,jaguar,jaguar,90.94
test01/test_sample/jaguar_sample/test_jaguar_639.jpg,jaguar,jaguar,83.15
test01/test_sample/jaguar_sample/test_jaguar_64.jpg,jaguar,jaguar,0.04
test01/test_sample/jaguar_sample/test_jaguar_642.jpg,jaguar,jaguar,99.99
test01/test_sample/jaguar_sample/test_jaguar_645.jpg,jaguar,jaguar,58.39
test01/test_sample/jaguar_sample/test_jaguar_649.jpg,jaguar,jaguar,85.63
test01/test_sample/jaguar_sample/test_jaguar_650.jpg,jaguar,jaguar,65.14
test01/test_sample/jaguar_sample/test_jaguar_657.jpg,jaguar,jaguar,99.96
test01/test_sample/jaguar_sample/test_jaguar_66.jpg,jaguar,jaguar,96.71
test01/test_sample/jaguar_sample/test_jaguar_660.jpg,jaguar,jaguar,97.26
test01/test_sample/jaguar_sample/test_jaguar_662.jpg,jaguar,jaguar,99.96
test01/test_sample/jaguar_sample/test_jaguar_664.jpg,jaguar,jaguar,99.7
test01/test_sample/jaguar_sample/test_jaguar_665.jpg,jaguar,jaguar,95.94
test01/test_sample/jaguar_sample/test_jaguar_670.jpg,jaguar,jaguar,82.42
test01/test_sample/jaguar_sample/test_jaguar_677.jpg,jaguar,jaguar,99.99
test01/test_sample/jaguar_sample/test_jaguar_679.jpg,jaguar,jaguar,82.94
test01/test_sample/jaguar_sample/test_jaguar_681.jpg,jaguar,jaguar,100.0
test01/test_sample/jaguar_sample/test_jaguar_684.jpg,jaguar,jaguar,99.96
test01/test_sample/jaguar_sample/test_jaguar_685.jpg,jaguar,jaguar,100.0
test01/test_sample/jaguar_sample/test_jaguar_686.jpg,jaguar,jaguar,2.81
test01/test_sample/jaguar_sample/test_jaguar_689.jpg,jaguar,jaguar,6.23
test01/test_sample/jaguar_sample/test_jaguar_692.jpg,jaguar,jaguar,100.0
test01/test_sample/jaguar_sample/test_jaguar_693.jpg,jaguar,jaguar,99.92
test01/test_sample/jaguar_sample/test_jaguar_699.jpg,jaguar,jaguar,99.52
test01/test_sample/jaguar_sample/test_jaguar_70.jpg,jaguar,jaguar,29.79
test01/test_sample/jaguar_sample/test_jaguar_705.jpg,jaguar,jaguar,93.1
test01/test_sample/jaguar_sample/test_jaguar_706.jpg,jaguar,jaguar,99.95
test01/test_sample/jaguar_sample/test_jaguar_707.jpg,jaguar,jaguar,99.95
test01/test_sample/jaguar_sample/test_jaguar_708.jpg,jaguar,jaguar,9.7
test01/test_sample/jaguar_sample/test_jaguar_712.jpg,jaguar,jaguar,99.99
test01/test_sample/jaguar_sample/test_jaguar_716.jpg,jaguar,jaguar,99.99
test01/test_sample/jaguar_sample/test_jaguar_72.jpg,jaguar,jaguar,77.89
test01/test_sample/jaguar_sample/test_jaguar_722.jpg,jaguar,jaguar,98.77
test01/test_sample/jaguar_sample/test_jaguar_731.jpg,jaguar,jaguar,56.97
test01/test_sample/jaguar_sample/test_jaguar_732.jpg,jaguar,jaguar,2.64
test01/test_sample/jaguar_sample/test_jaguar_741.jpg,jaguar,jaguar,22.74
test01/test_sample/jaguar_sample/test_jaguar_747.jpg,jaguar,jaguar,83.88
test01/test_sample/jaguar_sample/test_jaguar_753.jpg,jaguar,jaguar,99.94
test01/test_sample/jaguar_sample/test_jaguar_756.jpg,jaguar,jaguar,99.99
test01/test_sample/jaguar_sample/test_jaguar_758.jpg,jaguar,jaguar,90.77
test01/test_sample/jaguar_sample/test_jaguar_764.jpg,jaguar,jaguar,0.01
test01/test_sample/jaguar_sample/test_jaguar_769.jpg,jaguar,jaguar,76.25
test01/test_sample/jaguar_sample/test_jaguar_770.jpg,jaguar,jaguar,99.97
test01/test_sample/jaguar_sample/test_jaguar_772.jpg,jaguar,jaguar,19.64
test01/test_sample/jaguar_sample/test_jaguar_774.jpg,jaguar,jaguar,99.84
test01/test_sample/jaguar_sample/test_jaguar_775.jpg,jaguar,jaguar,99.03
test01/test_sample/jaguar_sample/test_jaguar_779.jpg,jaguar,jaguar,99.94
test01/test_sample/jaguar_sample/test_jaguar_780.jpg,jaguar,jaguar,8.09
test01/test_sample/jaguar_sample/test_jaguar_782.jpg,jaguar,jaguar,98.92
test01/test_sample/jaguar_sample/test_jaguar_784.jpg,jaguar,jaguar,99.7
test01/test_sample/jaguar_sample/test_jaguar_785.jpg,jaguar,jaguar,69.23
test01/test_sample/jaguar_sample/test_jaguar_787.jpg,jaguar,jaguar,21.29
test01/test_sample/jaguar_sample/test_jaguar_79.jpg,jaguar,jaguar,100.0
test01/test_sample/jaguar_sample/test_jaguar_790.jpg,jaguar,jaguar,53.19
test01/test_sample/jaguar_sample/test_jaguar_792.jpg,jaguar,jaguar,99.91
test01/test_sample/jaguar_sample/test_jaguar_797.jpg,jaguar,jaguar,100.0
test01/test_sample/jaguar_sample/test_jaguar_800.jpg,jaguar,jaguar,99.94
test01/test_sample/jaguar_sample/test_jaguar_803.jpg,jaguar,jaguar,98.09
test01/test_sample/jaguar_sample/test_jaguar_810.jpg,jaguar,jaguar,99.99
test01/test_sample/jaguar_sample/test_jaguar_817.jpg,jaguar,jaguar,99.85
test01/test_sample/jaguar_sample/test_jaguar_819.jpg,jaguar,jaguar,99.83
test01/test_sample/jaguar_sample/test_jaguar_820.jpg,jaguar,jaguar,98.36
test01/test_sample/jaguar_sample/test_jaguar_827.jpg,jaguar,jaguar,41.41
test01/test_sample/jaguar_sample/test_jaguar_830.jpg,jaguar,jaguar,99.98
test01/test_sample/jaguar_sample/test_jaguar_834.jpg,jaguar,jaguar,98.72
test01/test_sample/jaguar_sample/test_jaguar_835.jpg,jaguar,jaguar,99.83
test01/test_sample/jaguar_sample/test_jaguar_837.jpg,jaguar,jaguar,99.92
test01/test_sample/jaguar_sample/test_jaguar_84.jpg,jaguar,jaguar,99.99
test01/test_sample/jaguar_sample/test_jaguar_840.jpg,jaguar,jaguar,99.81
test01/test_sample/jaguar_sample/test_jaguar_844.jpg,jaguar,jaguar,99.94
test01/test_sample/jaguar_sample/test_jaguar_846.jpg,jaguar,jaguar,87.28
test01/test_sample/jaguar_sample/test_jaguar_848.jpg,jaguar,jaguar,99.98
test01/test_sample/jaguar_sample/test_jaguar_853.jpg,jaguar,jaguar,99.96
test01/test_sample/jaguar_sample/test_jaguar_855.jpg,jaguar,jaguar,88.94
test01/test_sample/jaguar_sample/test_jaguar_861.jpg,jaguar,jaguar,55.72
test01/test_sample/jaguar_sample/test_jaguar_864.jpg,jaguar,jaguar,69.67
test01/test_sample/jaguar_sample/test_jaguar_867.jpg,jaguar,jaguar,99.95
test01/test_sample/jaguar_sample/test_jaguar_868.jpg,jaguar,jaguar,98.86
test01/test_sample/jaguar_sample/test_jaguar_871.jpg,jaguar,jaguar,38.76
test01/test_sample/jaguar_sample/test_jaguar_872.jpg,jaguar,jaguar,73.47
test01/test_sample/jaguar_sample/test_jaguar_874.jpg,jaguar,jaguar,99.99
test01/test_sample/jaguar_sample/test_jaguar_879.jpg,jaguar,jaguar,0.39
test01/test_sample/jaguar_sample/test_jaguar_891.jpg,jaguar,jaguar,0.09
test01/test_sample/jaguar_sample/test_jaguar_894.jpg,jaguar,jaguar,87.0
test01/test_sample/jaguar_sample/test_jaguar_895.jpg,jaguar,jaguar,32.64
test01/test_sample/jaguar_sample/test_jaguar_899.jpg,jaguar,jaguar,99.71
test01/test_sample/jaguar_sample/test_jaguar_903.jpg,jaguar,jaguar,83.86
test01/test_sample/jaguar_sample/test_jaguar_911.jpg,jaguar,jaguar,99.92
test01/test_sample/jaguar_sample/test_jaguar_917.jpg,jaguar,jaguar,99.88
test01/test_sample/jaguar_sample/test_jaguar_918.jpg,jaguar,jaguar,99.86
test01/test_sample/jaguar_sample/test_jaguar_919.jpg,jaguar,jaguar,73.72
test01/test_sample/jaguar_sample/test_jaguar_924.jpg,jaguar,jaguar,100.0
test01/test_sample/jaguar_sample/test_jaguar_929.jpg,jaguar,jaguar,99.98
test01/test_sample/jaguar_sample/test_jaguar_930.jpg,jaguar,jaguar,100.0
test01/test_sample/jaguar_sample/test_jaguar_934.jpg,jaguar,jaguar,28.67
test01/test_sample/jaguar_sample/test_jaguar_936.jpg,jaguar,jaguar,100.0
test01/test_sample/jaguar_sample/test_jaguar_938.jpg,jaguar,jaguar,99.91
test01/test_sample/jaguar_sample/test_jaguar_940.jpg,jaguar,jaguar,77.08
test01/test_sample/jaguar_sample/test_jaguar_945.jpg,jaguar,jaguar,99.99
test01/test_sample/jaguar_sample/test_jaguar_947.jpg,jaguar,jaguar,7.3
test01/test_sample/jaguar_sample/test_jaguar_952.jpg,jaguar,jaguar,98.4
test01/test_sample/jaguar_sample/test_jaguar_955.jpg,jaguar,jaguar,2.46
test01/test_sample/jaguar_sample/test_jaguar_958.jpg,jaguar,jaguar,99.99
test01/test_sample/jaguar_sample/test_jaguar_960.jpg,jaguar,jaguar,45.17
test01/test_sample/jaguar_sample/test_jaguar_961.jpg,jaguar,jaguar,94.38
test01/test_sample/jaguar_sample/test_jaguar_964.jpg,jaguar,jaguar,99.98
test01/test_sample/jaguar_sample/test_jaguar_969.jpg,jaguar,jaguar,85.38
test01/test_sample/jaguar_sample/test_jaguar_972.jpg,jaguar,jaguar,95.49
test01/test_sample/jaguar_sample/test_jaguar_974.jpg,jaguar,jaguar,90.82
test01/test_sample/jaguar_sample/test_jaguar_98.jpg,jaguar,jaguar,98.3
test01/test_sample/jaguar_sample/test_jaguar_983.jpg,jaguar,jaguar,100.0
test01/test_sample/jaguar_sample/test_jaguar_986.jpg,jaguar,jaguar,96.82
test01/test_sample/jaguar_sample/test_jaguar_988.jpg,jaguar,jaguar,67.06
test01/test_sample/jaguar_sample/test_jaguar_993.jpg,jaguar,jaguar,4.2
test01/test_sample/jaguar_sample/test_jaguar_995.jpg,jaguar,jaguar,99.93
test01/test_sample/jaguar_sample/test_jaguar_998.jpg,jaguar,jaguar,2.35
test01/test_sample/no-jaguar_sample/test_no-jaguar_0.jpg,no-jaguar,jaguar,85.83
test01/test_sample/no-jaguar_sample/test_no-jaguar_1.jpg,no-jaguar,jaguar,0.01
test01/test_sample/no-jaguar_sample/test_no-jaguar_1002.jpg,no-jaguar,jaguar,0.01
test01/test_sample/no-jaguar_sample/test_no-jaguar_1010.jpg,no-jaguar,jaguar,0.03
test01/test_sample/no-jaguar_sample/test_no-jaguar_1013.jpg,no-jaguar,jaguar,0.0
test01/test_sample/no-jaguar_sample/test_no-jaguar_1014.jpg,no-jaguar,jaguar,0.02
test01/test_sample/no-jaguar_sample/test_no-jaguar_1015.jpg,no-jaguar,jaguar,0.0
test01/test_sample/no-jaguar_sample/test_no-jaguar_102.jpg,no-jaguar,jaguar,0.0
test01/test_sample/no-jaguar_sample/test_no-jaguar_1022.jpg,no-jaguar,jaguar,0.0
test01/test_sample/no-jaguar_sample/test_no-jaguar_1023.jpg,no-jaguar,jaguar,0.67
test01/test_sample/no-jaguar_sample/test_no-jaguar_1025.jpg,no-jaguar,jaguar,0.01
test01/test_sample/no-jaguar_sample/test_no-jaguar_1027.jpg,no-jaguar,jaguar,58.44
test01/test_sample/no-jaguar_sample/test_no-jaguar_1030.jpg,no-jaguar,jaguar,0.05
test01/test_sample/no-jaguar_sample/test_no-jaguar_1035.jpg,no-jaguar,jaguar,0.0
test01/test_sample/no-jaguar_sample/test_no-jaguar_1037.jpg,no-jaguar,jaguar,41.29
test01/test_sample/no-jaguar_sample/test_no-jaguar_1038.jpg,no-jaguar,jaguar,0.01
test01/test_sample/no-jaguar_sample/test_no-jaguar_1042.jpg,no-jaguar,jaguar,1.66
test01/test_sample/no-jaguar_sample/test_no-jaguar_1046.jpg,no-jaguar,jaguar,0.08
test01/test_sample/no-jaguar_sample/test_no-jaguar_1047.jpg,no-jaguar,jaguar,0.0
test01/test_sample/no-jaguar_sample/test_no-jaguar_1052.jpg,no-jaguar,jaguar,0.0
test01/test_sample/no-jaguar_sample/test_no-jaguar_1055.jpg,no-jaguar,jaguar,0.05
test01/test_sample/no-jaguar_sample/test_no-jaguar_1058.jpg,no-jaguar,jaguar,0.0
test01/test_sample/no-jaguar_sample/test_no-jaguar_1059.jpg,no-jaguar,jaguar,0.01
test01/test_sample/no-jaguar_sample/test_no-jaguar_1062.jpg,no-jaguar,jaguar,0.72
test01/test_sample/no-jaguar_sample/test_no-jaguar_1067.jpg,no-jaguar,jaguar,0.0
test01/test_sample/no-jaguar_sample/test_no-jaguar_1069.jpg,no-jaguar,jaguar,0.0
test01/test_sample/no-jaguar_sample/test_no-jaguar_1086.jpg,no-jaguar,jaguar,0.0
test01/test_sample/no-jaguar_sample/test_no-jaguar_1088.jpg,no-jaguar,jaguar,0.0
test01/test_sample/no-jaguar_sample/test_no-jaguar_109.jpg,no-jaguar,jaguar,0.0
test01/test_sample/no-jaguar_sample/test_no-jaguar_1098.jpg,no-jaguar,jaguar,0.06
test01/test_sample/no-jaguar_sample/test_no-jaguar_1103.jpg,no-jaguar,jaguar,0.02
test01/test_sample/no-jaguar_sample/test_no-jaguar_1105.jpg,no-jaguar,jaguar,5.64
test01/test_sample/no-jaguar_sample/test_no-jaguar_1106.jpg,no-jaguar,jaguar,0.11
test01/test_sample/no-jaguar_sample/test_no-jaguar_1108.jpg,no-jaguar,jaguar,0.01
test01/test_sample/no-jaguar_sample/test_no-jaguar_111.jpg,no-jaguar,jaguar,0.01
test01/test_sample/no-jaguar_sample/test_no-jaguar_1111.jpg,no-jaguar,jaguar,0.01
test01/test_sample/no-jaguar_sample/test_no-jaguar_1112.jpg,no-jaguar,jaguar,0.0
test01/test_sample/no-jaguar_sample/test_no-jaguar_1113.jpg,no-jaguar,jaguar,1.78
test01/test_sample/no-jaguar_sample/test_no-jaguar_1116.jpg,no-jaguar,jaguar,0.0
test01/test_sample/no-jaguar_sample/test_no-jaguar_1119.jpg,no-jaguar,jaguar,0.0
test01/test_sample/no-jaguar_sample/test_no-jaguar_112.jpg,no-jaguar,jaguar,3.58
test01/test_sample/no-jaguar_sample/test_no-jaguar_1121.jpg,no-jaguar,jaguar,0.42
test01/test_sample/no-jaguar_sample/test_no-jaguar_1123.jpg,no-jaguar,jaguar,0.1
test01/test_sample/no-jaguar_sample/test_no-jaguar_1124.jpg,no-jaguar,jaguar,1.66
test01/test_sample/no-jaguar_sample/test_no-jaguar_1126.jpg,no-jaguar,jaguar,0.0
test01/test_sample/no-jaguar_sample/test_no-jaguar_113.jpg,no-jaguar,jaguar,1.37
test01/test_sample/no-jaguar_sample/test_no-jaguar_1132.jpg,no-jaguar,jaguar,0.0
test01/test_sample/no-jaguar_sample/test_no-jaguar_1133.jpg,no-jaguar,jaguar,10.07
test01/test_sample/no-jaguar_sample/test_no-jaguar_1138.jpg,no-jaguar,jaguar,0.0
test01/test_sample/no-jaguar_sample/test_no-jaguar_1142.jpg,no-jaguar,jaguar,0.06
test01/test_sample/no-jaguar_sample/test_no-jaguar_1143.jpg,no-jaguar,jaguar,0.0
test01/test_sample/no-jaguar_sample/test_no-jaguar_1149.jpg,no-jaguar,jaguar,0.0
test01/test_sample/no-jaguar_sample/test_no-jaguar_1154.jpg,no-jaguar,jaguar,0.01
test01/test_sample/no-jaguar_sample/test_no-jaguar_1156.jpg,no-jaguar,jaguar,0.16
test01/test_sample/no-jaguar_sample/test_no-jaguar_1173.jpg,no-jaguar,jaguar,3.91
test01/test_sample/no-jaguar_sample/test_no-jaguar_1178.jpg,no-jaguar,jaguar,0.0
test01/test_sample/no-jaguar_sample/test_no-jaguar_1180.jpg,no-jaguar,jaguar,0.01
test01/test_sample/no-jaguar_sample/test_no-jaguar_1181.jpg,no-jaguar,jaguar,0.0
test01/test_sample/no-jaguar_sample/test_no-jaguar_1185.jpg,no-jaguar,jaguar,2.9
test01/test_sample/no-jaguar_sample/test_no-jaguar_119.jpg,no-jaguar,jaguar,3.11
test01/test_sample/no-jaguar_sample/test_no-jaguar_120.jpg,no-jaguar,jaguar,0.0
test01/test_sample/no-jaguar_sample/test_no-jaguar_1211.jpg,no-jaguar,jaguar,83.12
test01/test_sample/no-jaguar_sample/test_no-jaguar_1221.jpg,no-jaguar,jaguar,0.32
test01/test_sample/no-jaguar_sample/test_no-jaguar_1222.jpg,no-jaguar,jaguar,0.02
test01/test_sample/no-jaguar_sample/test_no-jaguar_1223.jpg,no-jaguar,jaguar,3.14
test01/test_sample/no-jaguar_sample/test_no-jaguar_1227.jpg,no-jaguar,jaguar,0.54
test01/test_sample/no-jaguar_sample/test_no-jaguar_1232.jpg,no-jaguar,jaguar,0.0
test01/test_sample/no-jaguar_sample/test_no-jaguar_1238.jpg,no-jaguar,jaguar,0.66
test01/test_sample/no-jaguar_sample/test_no-jaguar_1244.jpg,no-jaguar,jaguar,0.0
test01/test_sample/no-jaguar_sample/test_no-jaguar_1246.jpg,no-jaguar,jaguar,0.01
test01/test_sample/no-jaguar_sample/test_no-jaguar_1248.jpg,no-jaguar,jaguar,0.36
test01/test_sample/no-jaguar_sample/test_no-jaguar_125.jpg,no-jaguar,jaguar,0.72
test01/test_sample/no-jaguar_sample/test_no-jaguar_1264.jpg,no-jaguar,jaguar,3.89
test01/test_sample/no-jaguar_sample/test_no-jaguar_1265.jpg,no-jaguar,jaguar,0.0
test01/test_sample/no-jaguar_sample/test_no-jaguar_1266.jpg,no-jaguar,jaguar,0.0
test01/test_sample/no-jaguar_sample/test_no-jaguar_1268.jpg,no-jaguar,jaguar,4.12
test01/test_sample/no-jaguar_sample/test_no-jaguar_1270.jpg,no-jaguar,jaguar,1.5
test01/test_sample/no-jaguar_sample/test_no-jaguar_1271.jpg,no-jaguar,jaguar,0.06
test01/test_sample/no-jaguar_sample/test_no-jaguar_1273.jpg,no-jaguar,jaguar,0.0
test01/test_sample/no-jaguar_sample/test_no-jaguar_1276.jpg,no-jaguar,jaguar,0.0
test01/test_sample/no-jaguar_sample/test_no-jaguar_1278.jpg,no-jaguar,jaguar,0.0
test01/test_sample/no-jaguar_sample/test_no-jaguar_1280.jpg,no-jaguar,jaguar,1.11
test01/test_sample/no-jaguar_sample/test_no-jaguar_1285.jpg,no-jaguar,jaguar,0.0
test01/test_sample/no-jaguar_sample/test_no-jaguar_1287.jpg,no-jaguar,jaguar,0.1
test01/test_sample/no-jaguar_sample/test_no-jaguar_1288.jpg,no-jaguar,jaguar,0.79
test01/test_sample/no-jaguar_sample/test_no-jaguar_1292.jpg,no-jaguar,jaguar,0.0
test01/test_sample/no-jaguar_sample/test_no-jaguar_1293.jpg,no-jaguar,jaguar,0.65
test01/test_sample/no-jaguar_sample/test_no-jaguar_1299.jpg,no-jaguar,jaguar,0.03
test01/test_sample/no-jaguar_sample/test_no-jaguar_13.jpg,no-jaguar,jaguar,0.0
test01/test_sample/no-jaguar_sample/test_no-jaguar_130.jpg,no-jaguar,jaguar,0.0
test01/test_sample/no-jaguar_sample/test_no-jaguar_1301.jpg,no-jaguar,jaguar,0.0
test01/test_sample/no-jaguar_sample/test_no-jaguar_1303.jpg,no-jaguar,jaguar,0.01
test01/test_sample/no-jaguar_sample/test_no-jaguar_1318.jpg,no-jaguar,jaguar,0.0
test01/test_sample/no-jaguar_sample/test_no-jaguar_1320.jpg,no-jaguar,jaguar,0.0
test01/test_sample/no-jaguar_sample/test_no-jaguar_1321.jpg,no-jaguar,jaguar,0.0
test01/test_sample/no-jaguar_sample/test_no-jaguar_1324.jpg,no-jaguar,jaguar,0.0
test01/test_sample/no-jaguar_sample/test_no-jaguar_1327.jpg,no-jaguar,jaguar,0.0
test01/test_sample/no-jaguar_sample/test_no-jaguar_1330.jpg,no-jaguar,jaguar,99.61
test01/test_sample/no-jaguar_sample/test_no-jaguar_1332.jpg,no-jaguar,jaguar,0.01
test01/test_sample/no-jaguar_sample/test_no-jaguar_1338.jpg,no-jaguar,jaguar,0.0
test01/test_sample/no-jaguar_sample/test_no-jaguar_1339.jpg,no-jaguar,jaguar,0.0
test01/test_sample/no-jaguar_sample/test_no-jaguar_1345.jpg,no-jaguar,jaguar,0.01
test01/test_sample/no-jaguar_sample/test_no-jaguar_1350.jpg,no-jaguar,jaguar,0.22
test01/test_sample/no-jaguar_sample/test_no-jaguar_1352.jpg,no-jaguar,jaguar,0.0
test01/test_sample/no-jaguar_sample/test_no-jaguar_1362.jpg,no-jaguar,jaguar,4.14
test01/test_sample/no-jaguar_sample/test_no-jaguar_1364.jpg,no-jaguar,jaguar,56.86
test01/test_sample/no-jaguar_sample/test_no-jaguar_1367.jpg,no-jaguar,jaguar,0.0
test01/test_sample/no-jaguar_sample/test_no-jaguar_1370.jpg,no-jaguar,jaguar,1.01
test01/test_sample/no-jaguar_sample/test_no-jaguar_1371.jpg,no-jaguar,jaguar,0.0
test01/test_sample/no-jaguar_sample/test_no-jaguar_1374.jpg,no-jaguar,jaguar,0.18
test01/test_sample/no-jaguar_sample/test_no-jaguar_1375.jpg,no-jaguar,jaguar,0.0
test01/test_sample/no-jaguar_sample/test_no-jaguar_1379.jpg,no-jaguar,jaguar,0.0
test01/test_sample/no-jaguar_sample/test_no-jaguar_1382.jpg,no-jaguar,jaguar,0.96
test01/test_sample/no-jaguar_sample/test_no-jaguar_1384.jpg,no-jaguar,jaguar,0.0
test01/test_sample/no-jaguar_sample/test_no-jaguar_1386.jpg,no-jaguar,jaguar,0.0
test01/test_sample/no-jaguar_sample/test_no-jaguar_139.jpg,no-jaguar,jaguar,0.29
test01/test_sample/no-jaguar_sample/test_no-jaguar_1393.jpg,no-jaguar,jaguar,0.0
test01/test_sample/no-jaguar_sample/test_no-jaguar_140.jpg,no-jaguar,jaguar,0.08
test01/test_sample/no-jaguar_sample/test_no-jaguar_1401.jpg,no-jaguar,jaguar,0.0
test01/test_sample/no-jaguar_sample/test_no-jaguar_1403.jpg,no-jaguar,jaguar,0.28
test01/test_sample/no-jaguar_sample/test_no-jaguar_1405.jpg,no-jaguar,jaguar,19.08
test01/test_sample/no-jaguar_sample/test_no-jaguar_1407.jpg,no-jaguar,jaguar,0.0
test01/test_sample/no-jaguar_sample/test_no-jaguar_1409.jpg,no-jaguar,jaguar,0.33
test01/test_sample/no-jaguar_sample/test_no-jaguar_141.jpg,no-jaguar,jaguar,0.48
test01/test_sample/no-jaguar_sample/test_no-jaguar_1411.jpg,no-jaguar,jaguar,0.0
test01/test_sample/no-jaguar_sample/test_no-jaguar_1412.jpg,no-jaguar,jaguar,98.27
test01/test_sample/no-jaguar_sample/test_no-jaguar_1414.jpg,no-jaguar,jaguar,0.07
test01/test_sample/no-jaguar_sample/test_no-jaguar_1417.jpg,no-jaguar,jaguar,0.0
test01/test_sample/no-jaguar_sample/test_no-jaguar_1424.jpg,no-jaguar,jaguar,0.0
test01/test_sample/no-jaguar_sample/test_no-jaguar_1427.jpg,no-jaguar,jaguar,2.44
test01/test_sample/no-jaguar_sample/test_no-jaguar_1435.jpg,no-jaguar,jaguar,0.02
test01/test_sample/no-jaguar_sample/test_no-jaguar_1442.jpg,no-jaguar,jaguar,0.0
test01/test_sample/no-jaguar_sample/test_no-jaguar_1446.jpg,no-jaguar,jaguar,0.0
test01/test_sample/no-jaguar_sample/test_no-jaguar_149.jpg,no-jaguar,jaguar,0.03
test01/test_sample/no-jaguar_sample/test_no-jaguar_153.jpg,no-jaguar,jaguar,0.08
test01/test_sample/no-jaguar_sample/test_no-jaguar_155.jpg,no-jaguar,jaguar,0.0
test01/test_sample/no-jaguar_sample/test_no-jaguar_168.jpg,no-jaguar,jaguar,0.26
test01/test_sample/no-jaguar_sample/test_no-jaguar_170.jpg,no-jaguar,jaguar,0.0
test01/test_sample/no-jaguar_sample/test_no-jaguar_172.jpg,no-jaguar,jaguar,0.0
test01/test_sample/no-jaguar_sample/test_no-jaguar_174.jpg,no-jaguar,jaguar,0.01
test01/test_sample/no-jaguar_sample/test_no-jaguar_18.jpg,no-jaguar,jaguar,0.01
test01/test_sample/no-jaguar_sample/test_no-jaguar_184.jpg,no-jaguar,jaguar,0.0
test01/test_sample/no-jaguar_sample/test_no-jaguar_185.jpg,no-jaguar,jaguar,0.0
test01/test_sample/no-jaguar_sample/test_no-jaguar_187.jpg,no-jaguar,jaguar,7.05
test01/test_sample/no-jaguar_sample/test_no-jaguar_191.jpg,no-jaguar,jaguar,0.0
test01/test_sample/no-jaguar_sample/test_no-jaguar_192.jpg,no-jaguar,jaguar,0.0
test01/test_sample/no-jaguar_sample/test_no-jaguar_193.jpg,no-jaguar,jaguar,2.79
test01/test_sample/no-jaguar_sample/test_no-jaguar_195.jpg,no-jaguar,jaguar,99.0
test01/test_sample/no-jaguar_sample/test_no-jaguar_197.jpg,no-jaguar,jaguar,0.0
test01/test_sample/no-jaguar_sample/test_no-jaguar_199.jpg,no-jaguar,jaguar,0.14
test01/test_sample/no-jaguar_sample/test_no-jaguar_205.jpg,no-jaguar,jaguar,41.29
test01/test_sample/no-jaguar_sample/test_no-jaguar_206.jpg,no-jaguar,jaguar,0.0
test01/test_sample/no-jaguar_sample/test_no-jaguar_210.jpg,no-jaguar,jaguar,0.01
test01/test_sample/no-jaguar_sample/test_no-jaguar_212.jpg,no-jaguar,jaguar,0.08
test01/test_sample/no-jaguar_sample/test_no-jaguar_213.jpg,no-jaguar,jaguar,2.02
test01/test_sample/no-jaguar_sample/test_no-jaguar_214.jpg,no-jaguar,jaguar,0.0
test01/test_sample/no-jaguar_sample/test_no-jaguar_216.jpg,no-jaguar,jaguar,0.05
test01/test_sample/no-jaguar_sample/test_no-jaguar_22.jpg,no-jaguar,jaguar,0.0
test01/test_sample/no-jaguar_sample/test_no-jaguar_220.jpg,no-jaguar,jaguar,0.13
test01/test_sample/no-jaguar_sample/test_no-jaguar_221.jpg,no-jaguar,jaguar,0.04
test01/test_sample/no-jaguar_sample/test_no-jaguar_223.jpg,no-jaguar,jaguar,0.37
test01/test_sample/no-jaguar_sample/test_no-jaguar_224.jpg,no-jaguar,jaguar,7.74
test01/test_sample/no-jaguar_sample/test_no-jaguar_225.jpg,no-jaguar,jaguar,0.01
test01/test_sample/no-jaguar_sample/test_no-jaguar_226.jpg,no-jaguar,jaguar,0.0
test01/test_sample/no-jaguar_sample/test_no-jaguar_234.jpg,no-jaguar,jaguar,0.0
test01/test_sample/no-jaguar_sample/test_no-jaguar_239.jpg,no-jaguar,jaguar,0.12
test01/test_sample/no-jaguar_sample/test_no-jaguar_245.jpg,no-jaguar,jaguar,0.0
test01/test_sample/no-jaguar_sample/test_no-jaguar_248.jpg,no-jaguar,jaguar,0.24
test01/test_sample/no-jaguar_sample/test_no-jaguar_249.jpg,no-jaguar,jaguar,0.17
test01/test_sample/no-jaguar_sample/test_no-jaguar_252.jpg,no-jaguar,jaguar,0.0
test01/test_sample/no-jaguar_sample/test_no-jaguar_256.jpg,no-jaguar,jaguar,0.01
test01/test_sample/no-jaguar_sample/test_no-jaguar_262.jpg,no-jaguar,jaguar,0.0
test01/test_sample/no-jaguar_sample/test_no-jaguar_263.jpg,no-jaguar,jaguar,2.79
test01/test_sample/no-jaguar_sample/test_no-jaguar_269.jpg,no-jaguar,jaguar,0.0
test01/test_sample/no-jaguar_sample/test_no-jaguar_27.jpg,no-jaguar,jaguar,0.0
test01/test_sample/no-jaguar_sample/test_no-jaguar_274.jpg,no-jaguar,jaguar,0.01
test01/test_sample/no-jaguar_sample/test_no-jaguar_276.jpg,no-jaguar,jaguar,0.01
test01/test_sample/no-jaguar_sample/test_no-jaguar_277.jpg,no-jaguar,jaguar,0.0
test01/test_sample/no-jaguar_sample/test_no-jaguar_278.jpg,no-jaguar,jaguar,0.03
test01/test_sample/no-jaguar_sample/test_no-jaguar_282.jpg,no-jaguar,jaguar,0.04
test01/test_sample/no-jaguar_sample/test_no-jaguar_285.jpg,no-jaguar,jaguar,0.01
test01/test_sample/no-jaguar_sample/test_no-jaguar_286.jpg,no-jaguar,jaguar,0.09
test01/test_sample/no-jaguar_sample/test_no-jaguar_287.jpg,no-jaguar,jaguar,0.0
test01/test_sample/no-jaguar_sample/test_no-jaguar_293.jpg,no-jaguar,jaguar,1.85
test01/test_sample/no-jaguar_sample/test_no-jaguar_298.jpg,no-jaguar,jaguar,0.16
test01/test_sample/no-jaguar_sample/test_no-jaguar_305.jpg,no-jaguar,jaguar,10.8
test01/test_sample/no-jaguar_sample/test_no-jaguar_306.jpg,no-jaguar,jaguar,0.05
test01/test_sample/no-jaguar_sample/test_no-jaguar_308.jpg,no-jaguar,jaguar,0.14
test01/test_sample/no-jaguar_sample/test_no-jaguar_310.jpg,no-jaguar,jaguar,0.59
test01/test_sample/no-jaguar_sample/test_no-jaguar_311.jpg,no-jaguar,jaguar,99.07
test01/test_sample/no-jaguar_sample/test_no-jaguar_317.jpg,no-jaguar,jaguar,0.78
test01/test_sample/no-jaguar_sample/test_no-jaguar_325.jpg,no-jaguar,jaguar,1.11
test01/test_sample/no-jaguar_sample/test_no-jaguar_328.jpg,no-jaguar,jaguar,0.0
test01/test_sample/no-jaguar_sample/test_no-jaguar_35.jpg,no-jaguar,jaguar,0.49
test01/test_sample/no-jaguar_sample/test_no-jaguar_350.jpg,no-jaguar,jaguar,0.0
test01/test_sample/no-jaguar_sample/test_no-jaguar_353.jpg,no-jaguar,jaguar,0.0
test01/test_sample/no-jaguar_sample/test_no-jaguar_358.jpg,no-jaguar,jaguar,0.0
test01/test_sample/no-jaguar_sample/test_no-jaguar_359.jpg,no-jaguar,jaguar,0.02
test01/test_sample/no-jaguar_sample/test_no-jaguar_363.jpg,no-jaguar,jaguar,5.14
test01/test_sample/no-jaguar_sample/test_no-jaguar_365.jpg,no-jaguar,jaguar,0.03
test01/test_sample/no-jaguar_sample/test_no-jaguar_370.jpg,no-jaguar,jaguar,0.01
test01/test_sample/no-jaguar_sample/test_no-jaguar_379.jpg,no-jaguar,jaguar,0.0
test01/test_sample/no-jaguar_sample/test_no-jaguar_380.jpg,no-jaguar,jaguar,0.0
test01/test_sample/no-jaguar_sample/test_no-jaguar_385.jpg,no-jaguar,jaguar,15.38
test01/test_sample/no-jaguar_sample/test_no-jaguar_389.jpg,no-jaguar,jaguar,0.0
test01/test_sample/no-jaguar_sample/test_no-jaguar_39.jpg,no-jaguar,jaguar,0.01
test01/test_sample/no-jaguar_sample/test_no-jaguar_390.jpg,no-jaguar,jaguar,0.09
test01/test_sample/no-jaguar_sample/test_no-jaguar_395.jpg,no-jaguar,jaguar,0.0
test01/test_sample/no-jaguar_sample/test_no-jaguar_397.jpg,no-jaguar,jaguar,0.0
test01/test_sample/no-jaguar_sample/test_no-jaguar_398.jpg,no-jaguar,jaguar,15.59
test01/test_sample/no-jaguar_sample/test_no-jaguar_399.jpg,no-jaguar,jaguar,0.0
test01/test_sample/no-jaguar_sample/test_no-jaguar_4.jpg,no-jaguar,jaguar,0.0
test01/test_sample/no-jaguar_sample/test_no-jaguar_400.jpg,no-jaguar,jaguar,0.0
test01/test_sample/no-jaguar_sample/test_no-jaguar_404.jpg,no-jaguar,jaguar,0.0
test01/test_sample/no-jaguar_sample/test_no-jaguar_418.jpg,no-jaguar,jaguar,0.0
test01/test_sample/no-jaguar_sample/test_no-jaguar_420.jpg,no-jaguar,jaguar,0.04
test01/test_sample/no-jaguar_sample/test_no-jaguar_422.jpg,no-jaguar,jaguar,0.0
test01/test_sample/no-jaguar_sample/test_no-jaguar_423.jpg,no-jaguar,jaguar,0.02
test01/test_sample/no-jaguar_sample/test_no-jaguar_427.jpg,no-jaguar,jaguar,0.0
test01/test_sample/no-jaguar_sample/test_no-jaguar_43.jpg,no-jaguar,jaguar,0.03
test01/test_sample/no-jaguar_sample/test_no-jaguar_440.jpg,no-jaguar,jaguar,0.11
test01/test_sample/no-jaguar_sample/test_no-jaguar_442.jpg,no-jaguar,jaguar,0.0
test01/test_sample/no-jaguar_sample/test_no-jaguar_444.jpg,no-jaguar,jaguar,0.01
test01/test_sample/no-jaguar_sample/test_no-jaguar_449.jpg,no-jaguar,jaguar,0.0
test01/test_sample/no-jaguar_sample/test_no-jaguar_451.jpg,no-jaguar,jaguar,0.03
test01/test_sample/no-jaguar_sample/test_no-jaguar_455.jpg,no-jaguar,jaguar,0.06
test01/test_sample/no-jaguar_sample/test_no-jaguar_46.jpg,no-jaguar,jaguar,0.01
test01/test_sample/no-jaguar_sample/test_no-jaguar_462.jpg,no-jaguar,jaguar,1.78
test01/test_sample/no-jaguar_sample/test_no-jaguar_463.jpg,no-jaguar,jaguar,0.02
test01/test_sample/no-jaguar_sample/test_no-jaguar_472.jpg,no-jaguar,jaguar,1.04
test01/test_sample/no-jaguar_sample/test_no-jaguar_473.jpg,no-jaguar,jaguar,0.0
test01/test_sample/no-jaguar_sample/test_no-jaguar_474.jpg,no-jaguar,jaguar,0.0
test01/test_sample/no-jaguar_sample/test_no-jaguar_475.jpg,no-jaguar,jaguar,2.35
test01/test_sample/no-jaguar_sample/test_no-jaguar_476.jpg,no-jaguar,jaguar,0.01
test01/test_sample/no-jaguar_sample/test_no-jaguar_479.jpg,no-jaguar,jaguar,0.04
test01/test_sample/no-jaguar_sample/test_no-jaguar_48.jpg,no-jaguar,jaguar,0.0
test01/test_sample/no-jaguar_sample/test_no-jaguar_480.jpg,no-jaguar,jaguar,0.0
test01/test_sample/no-jaguar_sample/test_no-jaguar_481.jpg,no-jaguar,jaguar,0.01
test01/test_sample/no-jaguar_sample/test_no-jaguar_482.jpg,no-jaguar,jaguar,1.55
test01/test_sample/no-jaguar_sample/test_no-jaguar_488.jpg,no-jaguar,jaguar,0.0
test01/test_sample/no-jaguar_sample/test_no-jaguar_491.jpg,no-jaguar,jaguar,0.0
test01/test_sample/no-jaguar_sample/test_no-jaguar_493.jpg,no-jaguar,jaguar,0.0
test01/test_sample/no-jaguar_sample/test_no-jaguar_494.jpg,no-jaguar,jaguar,0.0
test01/test_sample/no-jaguar_sample/test_no-jaguar_496.jpg,no-jaguar,jaguar,5.41
test01/test_sample/no-jaguar_sample/test_no-jaguar_502.jpg,no-jaguar,jaguar,0.27
test01/test_sample/no-jaguar_sample/test_no-jaguar_504.jpg,no-jaguar,jaguar,0.08
test01/test_sample/no-jaguar_sample/test_no-jaguar_512.jpg,no-jaguar,jaguar,0.0
test01/test_sample/no-jaguar_sample/test_no-jaguar_513.jpg,no-jaguar,jaguar,0.18
test01/test_sample/no-jaguar_sample/test_no-jaguar_514.jpg,no-jaguar,jaguar,0.0
test01/test_sample/no-jaguar_sample/test_no-jaguar_518.jpg,no-jaguar,jaguar,0.0
test01/test_sample/no-jaguar_sample/test_no-jaguar_52.jpg,no-jaguar,jaguar,0.04
test01/test_sample/no-jaguar_sample/test_no-jaguar_522.jpg,no-jaguar,jaguar,0.0
test01/test_sample/no-jaguar_sample/test_no-jaguar_529.jpg,no-jaguar,jaguar,0.95
test01/test_sample/no-jaguar_sample/test_no-jaguar_531.jpg,no-jaguar,jaguar,0.0
test01/test_sample/no-jaguar_sample/test_no-jaguar_54.jpg,no-jaguar,jaguar,0.07
test01/test_sample/no-jaguar_sample/test_no-jaguar_540.jpg,no-jaguar,jaguar,0.0
test01/test_sample/no-jaguar_sample/test_no-jaguar_541.jpg,no-jaguar,jaguar,0.0
test01/test_sample/no-jaguar_sample/test_no-jaguar_544.jpg,no-jaguar,jaguar,0.25
test01/test_sample/no-jaguar_sample/test_no-jaguar_545.jpg,no-jaguar,jaguar,0.0
test01/test_sample/no-jaguar_sample/test_no-jaguar_562.jpg,no-jaguar,jaguar,0.0
test01/test_sample/no-jaguar_sample/test_no-jaguar_565.jpg,no-jaguar,jaguar,0.0
test01/test_sample/no-jaguar_sample/test_no-jaguar_567.jpg,no-jaguar,jaguar,0.0
test01/test_sample/no-jaguar_sample/test_no-jaguar_570.jpg,no-jaguar,jaguar,0.0
test01/test_sample/no-jaguar_sample/test_no-jaguar_571.jpg,no-jaguar,jaguar,0.0
test01/test_sample/no-jaguar_sample/test_no-jaguar_572.jpg,no-jaguar,jaguar,0.0
test01/test_sample/no-jaguar_sample/test_no-jaguar_576.jpg,no-jaguar,jaguar,0.0
test01/test_sample/no-jaguar_sample/test_no-jaguar_579.jpg,no-jaguar,jaguar,0.0
test01/test_sample/no-jaguar_sample/test_no-jaguar_584.jpg,no-jaguar,jaguar,0.24
test01/test_sample/no-jaguar_sample/test_no-jaguar_588.jpg,no-jaguar,jaguar,0.0
test01/test_sample/no-jaguar_sample/test_no-jaguar_591.jpg,no-jaguar,jaguar,0.01
test01/test_sample/no-jaguar_sample/test_no-jaguar_596.jpg,no-jaguar,jaguar,0.01
test01/test_sample/no-jaguar_sample/test_no-jaguar_6.jpg,no-jaguar,jaguar,0.26
test01/test_sample/no-jaguar_sample/test_no-jaguar_605.jpg,no-jaguar,jaguar,0.01
test01/test_sample/no-jaguar_sample/test_no-jaguar_606.jpg,no-jaguar,jaguar,53.81
test01/test_sample/no-jaguar_sample/test_no-jaguar_607.jpg,no-jaguar,jaguar,0.0
test01/test_sample/no-jaguar_sample/test_no-jaguar_613.jpg,no-jaguar,jaguar,0.19
test01/test_sample/no-jaguar_sample/test_no-jaguar_614.jpg,no-jaguar,jaguar,0.0
test01/test_sample/no-jaguar_sample/test_no-jaguar_617.jpg,no-jaguar,jaguar,0.38
test01/test_sample/no-jaguar_sample/test_no-jaguar_62.jpg,no-jaguar,jaguar,0.03
test01/test_sample/no-jaguar_sample/test_no-jaguar_622.jpg,no-jaguar,jaguar,0.0
test01/test_sample/no-jaguar_sample/test_no-jaguar_630.jpg,no-jaguar,jaguar,0.0
test01/test_sample/no-jaguar_sample/test_no-jaguar_646.jpg,no-jaguar,jaguar,0.0
test01/test_sample/no-jaguar_sample/test_no-jaguar_65.jpg,no-jaguar,jaguar,0.01
test01/test_sample/no-jaguar_sample/test_no-jaguar_655.jpg,no-jaguar,jaguar,0.1
test01/test_sample/no-jaguar_sample/test_no-jaguar_658.jpg,no-jaguar,jaguar,0.01
test01/test_sample/no-jaguar_sample/test_no-jaguar_659.jpg,no-jaguar,jaguar,0.0
test01/test_sample/no-jaguar_sample/test_no-jaguar_661.jpg,no-jaguar,jaguar,7.22
test01/test_sample/no-jaguar_sample/test_no-jaguar_663.jpg,no-jaguar,jaguar,0.01
test01/test_sample/no-jaguar_sample/test_no-jaguar_667.jpg,no-jaguar,jaguar,0.02
test01/test_sample/no-jaguar_sample/test_no-jaguar_669.jpg,no-jaguar,jaguar,0.02
test01/test_sample/no-jaguar_sample/test_no-jaguar_67.jpg,no-jaguar,jaguar,0.0
test01/test_sample/no-jaguar_sample/test_no-jaguar_671.jpg,no-jaguar,jaguar,0.06
test01/test_sample/no-jaguar_sample/test_no-jaguar_673.jpg,no-jaguar,jaguar,0.0
test01/test_sample/no-jaguar_sample/test_no-jaguar_674.jpg,no-jaguar,jaguar,0.0
test01/test_sample/no-jaguar_sample/test_no-jaguar_675.jpg,no-jaguar,jaguar,0.0
test01/test_sample/no-jaguar_sample/test_no-jaguar_676.jpg,no-jaguar,jaguar,0.11
test01/test_sample/no-jaguar_sample/test_no-jaguar_682.jpg,no-jaguar,jaguar,1.12
test01/test_sample/no-jaguar_sample/test_no-jaguar_687.jpg,no-jaguar,jaguar,0.0
test01/test_sample/no-jaguar_sample/test_no-jaguar_69.jpg,no-jaguar,jaguar,18.03
test01/test_sample/no-jaguar_sample/test_no-jaguar_690.jpg,no-jaguar,jaguar,0.0
test01/test_sample/no-jaguar_sample/test_no-jaguar_695.jpg,no-jaguar,jaguar,0.0
test01/test_sample/no-jaguar_sample/test_no-jaguar_696.jpg,no-jaguar,jaguar,0.01
test01/test_sample/no-jaguar_sample/test_no-jaguar_698.jpg,no-jaguar,jaguar,0.26
test01/test_sample/no-jaguar_sample/test_no-jaguar_701.jpg,no-jaguar,jaguar,0.0
test01/test_sample/no-jaguar_sample/test_no-jaguar_702.jpg,no-jaguar,jaguar,0.0
test01/test_sample/no-jaguar_sample/test_no-jaguar_703.jpg,no-jaguar,jaguar,0.0
test01/test_sample/no-jaguar_sample/test_no-jaguar_709.jpg,no-jaguar,jaguar,51.32
test01/test_sample/no-jaguar_sample/test_no-jaguar_71.jpg,no-jaguar,jaguar,0.0
test01/test_sample/no-jaguar_sample/test_no-jaguar_710.jpg,no-jaguar,jaguar,0.01
test01/test_sample/no-jaguar_sample/test_no-jaguar_713.jpg,no-jaguar,jaguar,0.13
test01/test_sample/no-jaguar_sample/test_no-jaguar_714.jpg,no-jaguar,jaguar,68.04
test01/test_sample/no-jaguar_sample/test_no-jaguar_717.jpg,no-jaguar,jaguar,0.0
test01/test_sample/no-jaguar_sample/test_no-jaguar_718.jpg,no-jaguar,jaguar,0.0
test01/test_sample/no-jaguar_sample/test_no-jaguar_723.jpg,no-jaguar,jaguar,0.0
test01/test_sample/no-jaguar_sample/test_no-jaguar_725.jpg,no-jaguar,jaguar,0.0
test01/test_sample/no-jaguar_sample/test_no-jaguar_728.jpg,no-jaguar,jaguar,0.0
test01/test_sample/no-jaguar_sample/test_no-jaguar_729.jpg,no-jaguar,jaguar,0.0
test01/test_sample/no-jaguar_sample/test_no-jaguar_73.jpg,no-jaguar,jaguar,1.41
test01/test_sample/no-jaguar_sample/test_no-jaguar_733.jpg,no-jaguar,jaguar,77.11
test01/test_sample/no-jaguar_sample/test_no-jaguar_734.jpg,no-jaguar,jaguar,0.29
test01/test_sample/no-jaguar_sample/test_no-jaguar_735.jpg,no-jaguar,jaguar,0.07
test01/test_sample/no-jaguar_sample/test_no-jaguar_736.jpg,no-jaguar,jaguar,0.02
test01/test_sample/no-jaguar_sample/test_no-jaguar_739.jpg,no-jaguar,jaguar,0.0
test01/test_sample/no-jaguar_sample/test_no-jaguar_74.jpg,no-jaguar,jaguar,0.0
test01/test_sample/no-jaguar_sample/test_no-jaguar_740.jpg,no-jaguar,jaguar,0.01
test01/test_sample/no-jaguar_sample/test_no-jaguar_742.jpg,no-jaguar,jaguar,0.09
test01/test_sample/no-jaguar_sample/test_no-jaguar_744.jpg,no-jaguar,jaguar,0.0
test01/test_sample/no-jaguar_sample/test_no-jaguar_746.jpg,no-jaguar,jaguar,0.0
test01/test_sample/no-jaguar_sample/test_no-jaguar_755.jpg,no-jaguar,jaguar,0.0
test01/test_sample/no-jaguar_sample/test_no-jaguar_759.jpg,no-jaguar,jaguar,0.0
test01/test_sample/no-jaguar_sample/test_no-jaguar_760.jpg,no-jaguar,jaguar,0.0
test01/test_sample/no-jaguar_sample/test_no-jaguar_763.jpg,no-jaguar,jaguar,0.01
test01/test_sample/no-jaguar_sample/test_no-jaguar_766.jpg,no-jaguar,jaguar,0.0
test01/test_sample/no-jaguar_sample/test_no-jaguar_768.jpg,no-jaguar,jaguar,0.0
test01/test_sample/no-jaguar_sample/test_no-jaguar_777.jpg,no-jaguar,jaguar,0.0
test01/test_sample/no-jaguar_sample/test_no-jaguar_78.jpg,no-jaguar,jaguar,0.0
test01/test_sample/no-jaguar_sample/test_no-jaguar_781.jpg,no-jaguar,jaguar,0.0
test01/test_sample/no-jaguar_sample/test_no-jaguar_788.jpg,no-jaguar,jaguar,0.54
test01/test_sample/no-jaguar_sample/test_no-jaguar_789.jpg,no-jaguar,jaguar,0.0
test01/test_sample/no-jaguar_sample/test_no-jaguar_791.jpg,no-jaguar,jaguar,1.92
test01/test_sample/no-jaguar_sample/test_no-jaguar_793.jpg,no-jaguar,jaguar,3.05
test01/test_sample/no-jaguar_sample/test_no-jaguar_796.jpg,no-jaguar,jaguar,0.0
test01/test_sample/no-jaguar_sample/test_no-jaguar_8.jpg,no-jaguar,jaguar,0.03
test01/test_sample/no-jaguar_sample/test_no-jaguar_808.jpg,no-jaguar,jaguar,0.27
test01/test_sample/no-jaguar_sample/test_no-jaguar_811.jpg,no-jaguar,jaguar,0.0
test01/test_sample/no-jaguar_sample/test_no-jaguar_814.jpg,no-jaguar,jaguar,6.4
test01/test_sample/no-jaguar_sample/test_no-jaguar_815.jpg,no-jaguar,jaguar,0.06
test01/test_sample/no-jaguar_sample/test_no-jaguar_816.jpg,no-jaguar,jaguar,0.0
test01/test_sample/no-jaguar_sample/test_no-jaguar_828.jpg,no-jaguar,jaguar,0.47
test01/test_sample/no-jaguar_sample/test_no-jaguar_83.jpg,no-jaguar,jaguar,7.5
test01/test_sample/no-jaguar_sample/test_no-jaguar_831.jpg,no-jaguar,jaguar,0.03
test01/test_sample/no-jaguar_sample/test_no-jaguar_832.jpg,no-jaguar,jaguar,0.0
test01/test_sample/no-jaguar_sample/test_no-jaguar_833.jpg,no-jaguar,jaguar,0.01
test01/test_sample/no-jaguar_sample/test_no-jaguar_838.jpg,no-jaguar,jaguar,0.1
test01/test_sample/no-jaguar_sample/test_no-jaguar_843.jpg,no-jaguar,jaguar,0.0
test01/test_sample/no-jaguar_sample/test_no-jaguar_845.jpg,no-jaguar,jaguar,98.15
test01/test_sample/no-jaguar_sample/test_no-jaguar_847.jpg,no-jaguar,jaguar,0.02
test01/test_sample/no-jaguar_sample/test_no-jaguar_851.jpg,no-jaguar,jaguar,0.0
test01/test_sample/no-jaguar_sample/test_no-jaguar_856.jpg,no-jaguar,jaguar,0.0
test01/test_sample/no-jaguar_sample/test_no-jaguar_857.jpg,no-jaguar,jaguar,0.02
test01/test_sample/no-jaguar_sample/test_no-jaguar_86.jpg,no-jaguar,jaguar,0.01
test01/test_sample/no-jaguar_sample/test_no-jaguar_860.jpg,no-jaguar,jaguar,0.04
test01/test_sample/no-jaguar_sample/test_no-jaguar_863.jpg,no-jaguar,jaguar,99.99
test01/test_sample/no-jaguar_sample/test_no-jaguar_865.jpg,no-jaguar,jaguar,0.15
test01/test_sample/no-jaguar_sample/test_no-jaguar_866.jpg,no-jaguar,jaguar,0.0
test01/test_sample/no-jaguar_sample/test_no-jaguar_870.jpg,no-jaguar,jaguar,0.01
test01/test_sample/no-jaguar_sample/test_no-jaguar_876.jpg,no-jaguar,jaguar,0.07
test01/test_sample/no-jaguar_sample/test_no-jaguar_877.jpg,no-jaguar,jaguar,0.54
test01/test_sample/no-jaguar_sample/test_no-jaguar_883.jpg,no-jaguar,jaguar,0.05
test01/test_sample/no-jaguar_sample/test_no-jaguar_887.jpg,no-jaguar,jaguar,0.0
test01/test_sample/no-jaguar_sample/test_no-jaguar_893.jpg,no-jaguar,jaguar,0.0
test01/test_sample/no-jaguar_sample/test_no-jaguar_9.jpg,no-jaguar,jaguar,0.01
test01/test_sample/no-jaguar_sample/test_no-jaguar_91.jpg,no-jaguar,jaguar,33.94
test01/test_sample/no-jaguar_sample/test_no-jaguar_913.jpg,no-jaguar,jaguar,0.0
test01/test_sample/no-jaguar_sample/test_no-jaguar_916.jpg,no-jaguar,jaguar,0.01
test01/test_sample/no-jaguar_sample/test_no-jaguar_920.jpg,no-jaguar,jaguar,0.01
test01/test_sample/no-jaguar_sample/test_no-jaguar_921.jpg,no-jaguar,jaguar,0.0
test01/test_sample/no-jaguar_sample/test_no-jaguar_927.jpg,no-jaguar,jaguar,0.0
test01/test_sample/no-jaguar_sample/test_no-jaguar_928.jpg,no-jaguar,jaguar,0.0
test01/test_sample/no-jaguar_sample/test_no-jaguar_931.jpg,no-jaguar,jaguar,0.02
test01/test_sample/no-jaguar_sample/test_no-jaguar_951.jpg,no-jaguar,jaguar,14.34
test01/test_sample/no-jaguar_sample/test_no-jaguar_954.jpg,no-jaguar,jaguar,0.71
test01/test_sample/no-jaguar_sample/test_no-jaguar_959.jpg,no-jaguar,jaguar,0.24
test01/test_sample/no-jaguar_sample/test_no-jaguar_966.jpg,no-jaguar,jaguar,0.12
test01/test_sample/no-jaguar_sample/test_no-jaguar_97.jpg,no-jaguar,jaguar,0.0
test01/test_sample/no-jaguar_sample/test_no-jaguar_970.jpg,no-jaguar,jaguar,0.0
test01/test_sample/no-jaguar_sample/test_no-jaguar_971.jpg,no-jaguar,jaguar,0.02
test01/test_sample/no-jaguar_sample/test_no-jaguar_973.jpg,no-jaguar,jaguar,0.01
test01/test_sample/no-jaguar_sample/test_no-jaguar_975.jpg,no-jaguar,jaguar,0.15
test01/test_sample/no-jaguar_sample/test_no-jaguar_976.jpg,no-jaguar,jaguar,21.54
test01/test_sample/no-jaguar_sample/test_no-jaguar_977.jpg,no-jaguar,jaguar,0.02
test01/test_sample/no-jaguar_sample/test_no-jaguar_978.jpg,no-jaguar,jaguar,0.85
test01/test_sample/no-jaguar_sample/test_no-jaguar_979.jpg,no-jaguar,jaguar,0.01
test01/test_sample/no-jaguar_sample/test_no-jaguar_981.jpg,no-jaguar,jaguar,0.0
test01/test_sample/no-jaguar_sample/test_no-jaguar_984.jpg,no-jaguar,jaguar,29.57
test01/test_sample/no-jaguar_sample/test_no-jaguar_987.jpg,no-jaguar,jaguar,0.0
test01/test_sample/no-jaguar_sample/test_no-jaguar_989.jpg,no-jaguar,jaguar,0.0
test01/test_sample/no-jaguar_sample/test_no-jaguar_992.jpg,no-jaguar,jaguar,0.0
test01/test_sample/no-jaguar_sample/test_no-jaguar_997.jpg,no-jaguar,jaguar,0.0
test01/test_sample/no-jaguar_sample/test_no-jaguar_999.jpg,no-jaguar,jaguar,0.06
